TASK	HOURS	MINUTES	SECONDS
asdasd	00	07	23
asdasd	00	50	13
asdasda	00	09	15
asdasd	00	01	55
asdasd	00	08	35
asdasda	00	01	24
asdasd	00	01	48
asdasd	00	11	31
asdasd	00	33	17
asdasda	00	00	02
asdasd	00	00	00
asdasd	00	01	10
asdasda	00	00	00
asdasd	00	00	03
uusi!!!	00	00	00
UUSI2	00	00	00
Uusi2	00	00	00
asdas	00	00	00
sadasdaasdasdasda	00	00	00
eka	00	00	00
toka kolmas	00	00	00
toka	00	00	00
kolmas	00	00	00
neljäs	00	00	00
task1	00	00	00
task2	00	00	00
task3	00	00	00
task4	00	00	00
task5	00	00	00
task6	00	00	00
task7	00	00	00
task8	00	00	00
task9	00	00	00
